Date,mom_5d,mom_10d,mom_20d,vol_10d,vol_20d,rsi_dist,high_20d_ratio,vol_ratio,ticker,next_ret,rank
2026-02-12,-0.050505908231845975,0.014305875518469957,0.007750864059834495,0.0237567712288061,0.01997680721343284,-0.043146605157166555,0.9419492722393046,1.2733236087501147,AAPL,-0.022733396848946263,5
2026-02-13,-0.07946443437808759,-0.013336916747540672,-0.008483973067916373,0.024925599663195703,0.020595773296709398,-0.5758953412615426,0.9205355656219124,0.9372659049748403,AAPL,0.031667863563111576,1
2026-02-17,-0.039108551545170456,-0.021788427901975882,0.03364348264176176,0.0233826556669814,0.021624832293828708,0.12535239800192355,0.9496869603190189,0.9992330038052445,AAPL,0.0017811172199722058,5
2026-02-18,-0.03409086093961766,-0.018118771725353255,0.07254706775997977,0.023412414546826972,0.0198567682126583,0.0919979712149451,0.9513784641176262,0.6163329779849802,AAPL,-0.014261469431454121,5
2026-02-19,-0.05415612859431718,-0.05666087834199518,0.05319529334217621,0.021527042249021664,0.02025830097010646,-0.3683403790943735,0.9378104092338688,0.6228253319548993,AAPL,0.015350373037534393,3
2026-02-20,0.010888990434063661,-0.040166876149382524,0.06634808163584593,0.02252677606235854,0.020452109642805128,-0.036256649692973285,0.9522061488540916,0.8686130497700897,AAPL,0.006047343656806037,2
2026-02-23,0.04065991846945849,-0.04203553333166388,0.07413748949915067,0.022420176330556475,0.02042957887416347,0.047357579504361653,0.9579644666683361,0.7917768384656997,AAPL,0.022390946489790453,1
2026-02-24,0.031302143446955144,-0.009030589588684967,0.06649958242893494,0.023686994287412028,0.0200015442970145,0.7383778756026673,0.9794141977806275,0.9927339659378391,AAPL,0.007679856784716499,4
2026-02-25,0.03737471025040806,0.002009713260985313,0.06278947837152082,0.02380256709338242,0.019944893859480645,0.9244631413571287,0.9869359585525006,0.7128896895804722,AAPL,-0.004667610137537803,2
2026-02-26,0.047471126994379054,-0.009255854057962809,0.06537746521184618,0.02374448447207047,0.019886260036923554,0.6726425137885625,0.9823293262672604,0.713487036061149,AAPL,-0.03213049693728531,4
2026-02-27,-0.0015118070783298743,0.00936072130291965,0.023800510135112418,0.02000150470264519,0.021375829189750107,-0.6780684875834355,0.9507665968582247,1.6275755261256837,AAPL,0.002044093269336189,3
2026-03-02,-0.005484978192393464,0.0349519215109555,0.021148853896056474,0.01817016089681972,0.021362914261137244,-0.668699426185675,0.9527100524595724,0.9723691943180846,AAPL,-0.0036642536122324376,3
2026-03-03,-0.03082977216443561,-0.0004926666682086855,-0.02227036013800454,0.015314586012305426,0.01926510794372757,-0.7638056346814348,0.9492190812084373,0.9400981707902656,AAPL,-0.004663548763329417,5
2026-03-04,-0.04270146046575496,-0.006922704927523782,-0.024916045742573223,0.015369473361086414,0.019282057339668802,-0.885333833398003,0.9447923517361391,0.9571172718799685,AAPL,-0.00849451684471103,5
2026-03-05,-0.04638213261007962,-0.0011128177231037872,-0.057710642835473336,0.014900424428803462,0.018245974028606747,-1.115547675936,0.9367667971895622,1.1424234553555428,AAPL,-0.010872553678353492,3
2026-03-06,-0.025437207233745207,-0.026910558162126064,-0.06599652125469979,0.01418705466727715,0.0183332904002872,-1.39993478255524,0.9265817499030194,0.9480613620727498,AAPL,0.009399570838394267,3
2026-03-09,-0.01828345540787224,-0.02366814924607208,-0.06470877930120389,0.01445208108597788,0.018380773423736285,-0.9497578006228768,0.9433031030229129,0.879318972707141,AAPL,0.0036554627966916,3
2026-03-10,-0.011071140958234582,-0.04155959236932749,-0.05021487433585203,0.011881672200308018,0.01832770427675293,-0.714754850922341,0.9467513124220168,0.7314633643039432,AAPL,-7.663617950748325e-05,3
2026-03-11,-0.006513757148561616,-0.048937070670953764,-0.04702570688984964,0.0112589011665448,0.01833325634378939,-0.6417317660487531,0.9466787570184891,0.638366978047971,AAPL,-0.019362766377938656,5
2026-03-12,-0.01740371850387079,-0.06297862953439537,-0.07165156258861727,0.01214269675914321,0.01858999698517868,-1.4814281748102798,0.9326477200177299,0.9732154615151185,AAPL,-0.022051921765652405,5
2026-03-13,-0.028509269717626462,-0.053221280749481625,-0.044358749023042265,0.0100005892600409,0.01575014687831688,-2.140703321990676,0.9120810454609848,0.9623936786918534,AAPL,0.01079486750256109,5
2026-03-16,-0.02716637458036575,-0.04495313479000429,-0.011572411717900577,0.011052702335854744,0.01521916375614874,-1.599101646883596,0.9219268394983334,0.8576516737660338,AAPL,0.005577044389181385,3
2026-03-17,-0.025303803950846637,-0.03609480292876188,-0.03656968689067197,0.011510332631127503,0.013318832051061769,-1.2354726171074648,0.9270684664057933,0.8799419854327314,AAPL,-0.016874457610149385,3
2026-03-18,-0.04167783144411652,-0.04792010932017243,-0.05451107747077799,0.012258000889724225,0.01370427087180359,-1.657836555098637,0.9114246888677225,0.9831039701752288,AAPL,-0.0039209238936004365,2
2026-03-19,-0.02658737855418203,-0.04352837780593988,-0.044592756378763254,0.012191247479256675,0.013437961396461532,-1.5912989042968089,0.9078510620279238,0.9991717536468633,AAPL,-0.003896213024359163,1
2026-03-20,-0.008515871044318057,-0.03678235949746156,-0.06270308383499101,0.011975707167404932,0.01278906814299238,-1.515035090876788,0.9043138808958722,2.2297888302930446,AAPL,0.01411347200480817,3
2026-03-23,-0.005260666848051598,-0.03228412818228066,-0.055188171864255176,0.01262284937987915,0.013214621434022803,-0.9709673571474469,0.9170768895374556,1.01754792785481,AAPL,0.0005964209042432778,1
2026-03-24,-0.010187611145092257,-0.035233629780795916,-0.07532892685874182,0.012474333052314848,0.011861557954281501,-0.8716376854848709,0.917623853365174,1.0931960907459066,AAPL,0.00389443542328749,3
2026-03-25,0.010722544008974877,-0.03140217981699989,-0.07880251979502706,0.012657639267966815,0.011697113420990621,-0.6819619841156528,0.9255174347659544,0.6857096761765329,AAPL,0.0010688159198788405,1
2026-03-26,0.015785638535501967,-0.0112214387661429,-0.07349335746564245,0.01132171159776697,0.011750863659619002,-0.5861464277996279,0.9553112655768246,1.0040267534201461,AAPL,-0.016173025219509918,1
2026-03-27,0.003266250819193184,-0.005277435195899627,-0.058217844085183046,0.010209106818828563,0.010155380189741343,-1.2075255346204405,0.9398609923861686,1.1210953874297356,AAPL,-0.008721857485242457,4
2026-03-30,-0.019324826053509603,-0.024483831429797154,-0.06833634124536203,0.009664779798788168,0.010162318925922667,-1.4759408938826852,0.9350900659063981,0.9075755229645629,AAPL,0.029031294901536553,5
2026-03-31,0.008543927442772103,-0.0017307259127589125,-0.037763058630776114,0.013790222267550663,0.012494039662805637,-0.03788747823186323,0.9667454057104794,1.0976207274140393,AAPL,0.007250134541771258,4
2026-04-01,0.011915168331108061,0.022765473256887603,-0.026245560030480397,0.012584847017423776,0.012635979865301574,0.45158780903878915,0.9800637121605938,0.8781668791967568,AAPL,0.0011344258521832629,3
2026-04-02,0.01198148913207242,0.027956263124130354,-0.016789005465118967,0.012406374453985087,0.012528534575395522,0.5994583036256756,0.9811755217724556,0.6913317837541648,AAPL,0.011487914987700076,3
2026-04-06,0.04043401196306218,0.043832330406953,0.00543771437485141,0.012433467399782516,0.012577322318434617,1.260289780369315,0.9924471827545898,0.7451800684358635,AAPL,-0.020706117804507373,5
2026-04-07,0.027855471682984412,0.007992343484562792,-0.024549810539250316,0.014157176936742134,0.013221825719102938,0.08473885264599776,0.9718974544737218,1.4968327060402937,AAPL,0.02130175107094434,4
2026-04-08,0.02013476002022796,0.02885071739169054,-0.007399427884594578,0.015555166282904348,0.01411839578457096,1.5278487052464045,0.9926766470611225,0.9981774712876316,AAPL,0.006141353323192211,3
2026-04-09,0.01901179540246245,0.031153492476067468,-0.0012269749135933594,0.015586412319177066,0.01419130700388358,1.9656779039626846,1.0,0.6846867991763774,AAPL,-3.8309525974056235e-05,3
2026-04-10,0.01781811835733338,0.030013095080858143,0.018454866206083054,0.015607004620127455,0.013439064552530536,1.7558962775024731,0.9999616904740259,0.7811264243103625,AAPL,-0.004914000020385667,5
2026-02-12,0.02075335170157455,-0.07303349143204696,-0.1252558396424187,0.023428585849125196,0.030200404667091257,-1.1797510161708746,0.8343333897282071,0.8149730505463294,MSFT,-0.001294005019369382,1
2026-02-13,0.0004487357698910177,-0.06732667341217435,-0.12118427363763873,0.0235052835118633,0.030220524105839586,-1.081417359285118,0.8332537581340714,0.7159328856495268,MSFT,-0.011113366274641656,4
2026-02-17,-0.04047394827178441,-0.06261666092061813,-0.13699822746230195,0.023336705548341816,0.030081733910238124,-1.1155387571657558,0.8239935039202059,0.6883224559439983,MSFT,0.006904209070364153,3
2026-02-18,-0.033077614469544936,-0.028233740290351528,-0.12083074637508429,0.022208158142046207,0.030213521360333267,-0.9242714428109091,0.8296825273438929,0.5428025500037982,MSFT,-0.0005769168650320289,3
2026-02-19,-0.012366207796374984,-0.035782017803203225,-0.10074199749632495,0.021957733739530836,0.029966309865062015,-0.8468817587681772,0.8292038695012458,0.6868515153719335,MSFT,-0.0030868355547025716,5
2026-02-20,-0.009215903747948562,0.01134618706189694,-0.11748754567253439,0.01489247127582815,0.02957517733496268,-0.8029859327951272,0.8266442535147724,0.897996014151373,MSFT,-0.032122471647954565,5
2026-02-23,-0.039799833954587305,-0.03936895779382743,-0.17298522727571108,0.01677385528061688,0.028662546594425995,-1.1351418487581657,0.8000903969182995,1.1733178549147913,MSFT,0.01178245055508631,3
2026-02-24,-0.01756819852552982,-0.057331092438963505,-0.17094522408459112,0.012993268938213648,0.02875164698168444,-0.9054521907185792,0.8095174224595888,0.9493711848655136,MSFT,0.029820067104153303,1
2026-02-25,0.004790698664158377,-0.028445380688839284,-0.1645212917896529,0.017224150416001546,0.029248630526170574,-0.38837800640634157,0.8336572863193149,1.2265210021566841,MSFT,0.002795794059219592,1
2026-02-26,0.00818152345413714,-0.00428585876136256,-0.1640119795921685,0.015946429859643906,0.029260720498735873,-0.24753583191365583,0.9288048471061726,0.9898135729652319,MSFT,-0.022353905603506474,3
2026-02-27,-0.011303327109662087,-0.020415060482936398,-0.09195756877011807,0.017362485774888144,0.020258828275976738,-0.9174705593842175,0.9148165213851882,1.4341785871635555,MSFT,0.014793496213936663,2
2026-03-02,0.036621808015089075,-0.004635567817615538,-0.07165014386925339,0.018154632866515502,0.02070120353725037,-0.30266556526703464,0.9435237601756354,0.9866529605651987,MSFT,0.013498946299321357,1
2026-03-03,0.038380443896609995,0.020137970113206505,-0.043739663253619776,0.018196449197619733,0.02081177181465005,0.4622809388079212,0.9774546274127444,1.0446407304105934,MSFT,0.0031441575378865494,3
2026-03-04,0.0114827908972297,0.016328500152400283,-0.01236625477058495,0.01812590212808313,0.019858395748892917,0.684407926665665,0.9805278987474662,0.9466682211821773,MSFT,0.013524136978431578,1
2026-03-05,0.022304071064053188,0.03066807579872366,-0.0062113076386994814,0.018468343523688282,0.020034982277355833,1.4853183813790725,0.9952063240433244,1.002552052566936,MSFT,-0.004188178755669236,1
2026-03-06,0.041299591648468414,0.029529441744908125,0.04121067537667633,0.01851309455490713,0.016379766994936634,1.1250244066546111,0.9910382220594585,0.8060494824396723,MSFT,0.0011003819846291396,5
2026-03-09,0.027248817467740105,0.06486852644477081,0.022945762371191503,0.013903005899797085,0.015893775455396907,1.086580046235121,0.9921287426650915,0.8077770107701278,MSFT,-0.008915253325116002,5
2026-03-10,0.004530530346907424,0.04308485800931883,-0.016716336406896515,0.014537486888249273,0.014390651107122976,0.682281671347308,0.9840689111663871,0.854978991177427,MSFT,-0.002168781697636457,4
2026-03-11,-0.00078975151672811,0.01068397082897432,-0.018065319477363673,0.011506976696386445,0.014394186384456201,0.6520103067661195,0.9858771113850008,0.7232739528274821,MSFT,-0.007459048347235875,1
2026-03-12,-0.021476593653253162,0.00034846193974402695,-0.003938890280275942,0.011794694554231103,0.013652609602043345,0.20999369000137075,0.9785234063467468,0.7889115619487669,MSFT,-0.015701980263283843,3
2026-03-13,-0.03279050259756866,0.007154854683672163,-0.013406272590378077,0.010504841545246382,0.014034498838294024,-0.6942238072210714,0.9631586511331289,0.8362049848381784,MSFT,0.011123813803188609,3
2026-03-16,-0.023106400357734147,0.0035127950243214467,-0.0011390565928588448,0.010012817820451181,0.014273930188018114,-0.03428831035466524,0.9738726486312641,0.8851320212275683,MSFT,-0.001350190094862036,4
2026-03-17,-0.01564965977594368,-0.011190030687569852,0.008722594922084381,0.00889204148812047,0.014037402945610856,-0.14212341055880612,0.9725577354274252,0.870338385472404,MSFT,-0.019078127856892224,4
2026-03-18,-0.032330557646775726,-0.033094776056565633,-0.01730666396004865,0.010370457669400014,0.014607001159164537,-1.1915016064946296,0.9540031546027312,0.8889273926260387,MSFT,-0.007070163788856276,4
2026-03-19,-0.03195141792148748,-0.05274180395539563,-0.02369121779813743,0.00853880807078366,0.014674467384216985,-1.4368642223789398,0.9472581960446044,0.905591048846253,MSFT,-0.018379502592174246,3
2026-03-20,-0.0345847379546409,-0.06624118961247172,-0.038667813217338476,0.00945099001879934,0.015173618595108573,-2.0330020573501284,0.9298480615749443,1.710358503562434,MSFT,0.002959135038786531,5
2026-03-23,-0.04238032676507886,-0.06450747032528747,-0.003823448425197884,0.00963980459786437,0.013417234662191422,-1.8572698658374136,0.9325996075546984,0.999757472050338,MSFT,-0.02678853724706265,4
2026-03-24,-0.06677352390576707,-0.0813782007505447,-0.04179951096561696,0.011578046102479372,0.01435755329972315,-2.4989707040539093,0.9076166282311233,1.387904262485052,MSFT,-0.004560770869753483,5
2026-03-25,-0.052962044838927635,-0.08358031004194733,-0.07378930880733792,0.011459305965440949,0.012245731879708802,-2.1713182568993354,0.903477196752183,0.9943958161720551,MSFT,-0.013664314379738696,2
2026-03-26,-0.05925142266187944,-0.0893096736154545,-0.08899233269781637,0.011556418286559199,0.012335182311123639,-2.1331060550160337,0.891131800300836,1.1399508575177477,MSFT,-0.02513870584021738,4
2026-03-27,-0.06572919167376057,-0.09804070275839416,-0.09158731505604345,0.012489350572354745,0.012560080515380899,-2.270155652036428,0.86872990010821,1.1336314185220187,MSFT,0.0061384155305796995,2
2026-03-30,-0.06276764633138876,-0.10248785973466834,-0.09933508355407628,0.011612544698023714,0.01198861223969561,-1.820506675642986,0.8740625252189131,1.2753931990227785,MSFT,0.031229168262500107,4
2026-03-31,-0.006894824472750138,-0.07320795665175994,-0.08357878805782237,0.017568018235705914,0.013937279052564016,-1.0658786168010876,0.9013587708909204,1.2219735059558663,MSFT,-0.0021612185793732364,5
2026-04-01,-0.00450089852650537,-0.05722456657585673,-0.08842550841666041,0.017131391138176768,0.01383903643023563,-1.0044268274879895,0.8994107375685899,0.7870496340619988,MSFT,0.011072898156205158,1
2026-04-02,0.02046613167579836,-0.03999793840425747,-0.09063017893371572,0.017917963129103695,0.013680701200881011,-0.6965658545374097,0.9121906844350066,0.6465637742275957,MSFT,-0.0015530085833448393,5
2026-04-06,0.04515518783874861,-0.02354201783152976,-0.08822375617696288,0.017185288914592752,0.013698062186602784,-0.6525298969090068,0.9107740444724318,0.47768292452026395,MSFT,-0.0015822686391459007,4
2026-04-07,0.037135105324159534,-0.027963424164694883,-0.09066704473548493,0.017092187193103264,0.013653208923049664,-0.6124360306033011,0.9175128144342365,0.6502257245990083,MSFT,0.005479540091115842,5
2026-04-08,0.0112380068445046,0.0042656982871380755,-0.07745963731495864,0.014951268889175185,0.013795339767963778,-0.40645817794468475,0.9245455000441694,1.0329083175472706,MSFT,-0.0033659586280663234,5
2026-04-09,0.01001708924910738,0.005471104820360839,-0.07856648185874415,0.014910821507695392,0.013789879499274555,-0.41613100909261935,0.9283581867396995,0.9529861661025834,MSFT,-0.005897049250381925,5
2026-04-10,-0.006935137356479548,0.013389058884991423,-0.07711638720949976,0.01427116443029581,0.013773627054835477,-0.5043957076187471,0.9272908708531538,0.9027942573810466,MSFT,0.036400895671633515,1
2026-02-12,-0.06716980290158425,-0.08647452292930491,-0.07991905839595004,0.013430685105192231,0.013899107392651698,-2.22330110998225,0.8990659591800757,0.9812904481083861,GOOGL,-0.010614844217675667,3
2026-02-13,-0.05308798666368264,-0.09550296070770392,-0.08131495446763404,0.01312165689172468,0.013931867798517588,-2.119114394047801,0.889522514081964,0.7790386385940772,GOOGL,-0.012102646085931701,5
2026-02-17,-0.06875930922512785,-0.1212430620914382,-0.08478791038136535,0.00916172503523775,0.014016518646561128,-2.0507046428504765,0.8787569379085618,0.7827032934379528,GOOGL,0.004337473124623736,4
2026-02-18,-0.047868625852374724,-0.10709132664004861,-0.05798144021827267,0.010658376232764633,0.013318717498817268,-1.711679101766492,0.8825685225098169,0.5772479342310147,GOOGL,-0.0015823770894107803,4
2026-02-19,-0.026080473021553252,-0.09064976931565327,-0.07774533244264947,0.010601885631718797,0.01221176588986477,-1.5401165651513258,0.8811719662999622,0.5758536194472078,GOOGL,0.040052807314611805,1
2026-02-20,0.019352771528580837,-0.04911695322217757,-0.047074536592360605,0.01895957485643007,0.015566432267043006,-0.6100947452414226,0.9164653772772121,1.2864257171032576,GOOGL,-0.011080081023819632,3
2026-02-23,0.01887344310426764,-0.03521649665523208,-0.050132654426767065,0.017747392248209235,0.015642836779600357,-0.7890438202191656,0.9063108666414551,0.8084638235401571,GOOGL,-0.0018940708591722588,5
2026-02-24,0.029402114073237673,-0.04137886420532433,-0.06709475356061467,0.0175424018735944,0.015014359887675834,-0.7516175356961935,0.9045942496395984,0.6837191636267256,GOOGL,0.00643284820201151,5
2026-02-25,0.03154978215509141,-0.017829088414989203,-0.06471378539970796,0.017115494347591884,0.015090041283826744,-0.5429081268411757,0.9104133671319425,0.8199220401456309,GOOGL,-0.017641310753361283,4
2026-02-26,0.014957938078462352,-0.011512645043604275,-0.08520580213950646,0.01630463239924114,0.015307702726951531,-0.8478574427908823,0.8943524820083539,1.022001053106116,GOOGL,0.014249474647304972,1
2026-02-27,-0.010222799991157605,0.008932132024811912,-0.07831479276008013,0.01685354401538595,0.01568375875447838,-0.456532010612805,0.9070965350264864,1.263358620919964,GOOGL,-0.016807943446709328,5
2026-03-02,-0.01595562781894888,0.0026166776514851,-0.09313618351915331,0.017432266093786664,0.015920245233822888,-0.7775409816913414,0.8918501077650551,0.9950317341510145,GOOGL,-0.009591529564517476,4
2026-03-03,-0.023544642870298338,0.005165208927453202,-0.11670409891069145,0.017249338268751607,0.015109984304453563,-0.9736280988615764,0.8936445738887822,1.026255570798104,GOOGL,-0.0014821877429089803,4
2026-03-04,-0.03122392248055661,-0.0006592482777540987,-0.10767997514515293,0.017209139036929125,0.015085138266186848,-0.9887912544235984,0.9101910085097463,0.8513281447709218,GOOGL,-0.007422644642436693,4
2026-03-05,-0.021146545061505817,-0.006504915694646951,-0.09656501590316269,0.01736963145457873,0.014728973665783605,-1.1921050297149811,0.9083169874443658,1.001856467723382,GOOGL,-0.007843650721151452,2
2026-03-06,-0.04246864838803022,-0.05225729988082228,-0.09880753374923623,0.009964158700078999,0.014742950770248592,-1.47963793008573,0.9204489106335104,0.7768782959821594,GOOGL,0.026985310109787886,2
2026-03-09,0.00018162832030865772,-0.015776897492520425,-0.05043778708997715,0.01397701298918195,0.01557951661883309,-0.2658176904588981,0.9452875099271721,0.8960774429353284,GOOGL,0.002219686727622072,4
2026-03-10,0.012109395394353628,-0.011720358865880076,-0.05261424793325553,0.014024634783850298,0.015533568017980707,-0.03125544761574437,0.964455321353715,0.71564064521811,GOOGL,0.0054064734754804,2
2026-03-11,0.0190918234043862,-0.01272822069016133,-0.030330376533100223,0.013967098663623247,0.015206136753202091,0.44740432565172567,0.9807521889656045,0.7565241850236702,GOOGL,-0.016682942048633964,4
2026-03-12,0.009584158013864696,-0.011765058876957779,-0.023142256973794573,0.0138444445939812,0.014721276525229369,-0.6412648537468483,0.9643903570330203,0.8109427812061848,GOOGL,-0.004183788716005665,1
2026-03-13,0.013308307643706607,-0.02972552658228389,-0.02105890688541201,0.012758672206297486,0.01468920580937052,-0.847061624586321,0.960355551539441,0.8271243124926907,GOOGL,0.010850862751563328,4
2026-03-16,-0.0026112672386072733,-0.0024301131983810453,0.00018020563020715308,0.012411635783785204,0.014730960651739159,-0.10735641622422867,0.9707762378218973,0.8546992706618552,GOOGL,0.01754161510658081,1
2026-03-17,0.01263680554596136,0.024899225015192483,0.030193043641980832,0.013072425008576397,0.014927434324182977,0.9972618411356697,0.9878052209403836,0.8391403123079416,GOOGL,-0.010388559265513075,2
2026-03-18,-0.0032718164097370606,0.01575754205354296,0.015087905643328403,0.0136667150333062,0.015146523606296548,0.22172431411905558,0.9775433478598612,0.7936844142780534,GOOGL,-0.0018200057010314685,1
2026-03-19,0.011793830452351939,0.02149102240086065,0.01484630941730436,0.013365048795101558,0.015148630818158157,0.04344703027348436,0.9757642133937509,1.0386093557596765,GOOGL,-0.019958990607744198,4
2026-03-20,-0.004234480562610554,0.009017473311057511,-0.04371105537674791,0.014844731678614134,0.012723009734652832,-1.299225555586296,0.9626459145487939,1.7048460265886825,GOOGL,0.00352158657340107,4
2026-03-23,-0.011454378936918475,-0.014035735731069199,-0.029591192859728332,0.01182849470717851,0.012602312615921245,-0.9413977877885242,0.9660359554764084,1.1269248223647326,GOOGL,-0.03846916245483134,5
2026-03-24,-0.06586906632527911,-0.054064635361964375,-0.06515133729944933,0.016528760190982567,0.015083407997205091,-2.822500742583145,0.9288733613679783,1.3460859430028675,GOOGL,0.0016870618036641805,4
2026-03-25,-0.05447043983438049,-0.057564038965221775,-0.06955957186361683,0.01629835141832155,0.014959815248451021,-2.2781918478160423,0.9338426180523298,1.055190601361973,GOOGL,-0.034406831540405025,4
2026-03-26,-0.08533842684982451,-0.07455106333480988,-0.0854390245622938,0.018437797327793465,0.016211774048407193,-2.8616292270449293,0.9017120524077524,1.3322165793648684,GOOGL,-0.023423098303163248,3
2026-03-27,-0.0885714407379049,-0.09243086725630834,-0.11940883763694132,0.019040000158028366,0.01612780138311358,-2.766213538338232,0.8823491074551048,1.1746316532574128,GOOGL,-0.0030618806922197983,3
2026-03-30,-0.0945507441880108,-0.10492210307223204,-0.10709724368313545,0.01786058344581962,0.015944401091877353,-2.2846507857394363,0.8796474597591907,1.1079638249867894,GOOGL,0.05140766931844154,2
2026-03-31,-0.009916006261546317,-0.07513191451270174,-0.052103415942783116,0.025447399638180344,0.02035105063322255,-0.9293134142343792,0.9248680854872983,1.293918358993233,GOOGL,0.03418422998087833,1
2026-04-01,0.022204730125076733,-0.03347521112562046,-0.018245156119140682,0.02859274700994437,0.02194314724237201,-0.03789557265097834,0.9564839888235706,1.056286212654244,GOOGL,-0.005447478243950976,5
2026-04-02,0.05286193534145478,-0.03698764591064663,-0.016291525836606646,0.028598644670979712,0.021915692297175025,-0.1599891777002377,0.9512735631037668,0.6131655774875564,GOOGL,0.014267847913765452,2
2026-04-06,0.0934970993616715,-0.0033555141715115866,0.005631700880059487,0.028443942342759564,0.022087778428410088,0.20689712221509013,0.9648461896265169,0.5199023612596576,GOOGL,0.01823394579408988,1
2026-04-07,0.11685554462551417,0.011256021730665644,-0.0029377005467982054,0.029019506238392147,0.02161739304823386,0.698035021750675,0.982439142747801,0.7255889113289664,GOOGL,0.03882674065642666,1
2026-04-08,0.10349148010255171,0.0925492516762918,0.03348097476942602,0.0274426671076076,0.02329343200268141,1.6112940001046652,1.0,1.0599483408241772,GOOGL,0.0036870757694167366,4
2026-04-09,0.07095051799530339,0.09473068522470007,0.0317135654040015,0.027388847296401564,0.023282996560281516,1.5831915351095445,1.0,0.7638685097948361,GOOGL,-0.0039247701288198655,4
2026-04-10,0.07259019514556186,0.1292893886892248,0.045099663949725866,0.02336973547354666,0.02292138639066565,1.359756335317232,0.9960752298711801,0.6576866156114523,GOOGL,0.012829427088343559,2
2026-02-12,-0.1036867218319153,-0.17428531985541995,-0.15656027360463476,0.019791566240663656,0.02086105255698566,-2.0019092211216996,0.8157594085267124,1.0768055208091436,AMZN,-0.004058180323715632,2
2026-02-13,-0.0548212896375182,-0.16928545444633014,-0.16537912755446027,0.020172640244898506,0.020600995473873236,-1.7669452922625388,0.8124489097461434,0.8294416674076683,AMZN,0.011871828009746066,2
2026-02-17,-0.03626872019904859,-0.17208598807219433,-0.15879057375396333,0.019561161578081306,0.020932502258424763,-1.436348489105113,0.8220941634693554,0.8399685356781561,AMZN,0.018095945812067304,1
2026-02-18,-0.010485182437853902,-0.14177354171196177,-0.11346323252756363,0.022743771308973065,0.020822915776780734,-1.10788662312641,0.8369707349039135,0.6151658235017701,AMZN,0.00034184934085601526,1
2026-02-19,0.003822024560459214,-0.12073481359541771,-0.11434869753756349,0.022989406210482916,0.020806069507889866,-1.0038343112969463,0.8372568527979561,0.4384879997138179,AMZN,0.025627257563010764,2
2026-02-20,0.05265528149024856,-0.0564910938665274,-0.1033967573021648,0.02290796441472344,0.02158058884803573,-0.6433848193534927,0.8587134498110051,0.8491642289877881,AMZN,-0.023035535309270605,4
2026-02-23,0.032597269506423165,-0.024011044484098854,-0.1417042936557611,0.016410387406815878,0.021034013546141084,-0.825304831440269,0.838932525817338,0.8240631388790502,AMZN,0.016027637831418806,2
2026-02-24,0.03683819978599012,-0.000766594773733198,-0.125241174564529,0.017242980847549067,0.021665072129949555,-0.5686808393266218,0.8523786325061358,0.6854259102297533,AMZN,0.00997315810991184,3
2026-02-25,0.028565878682079937,0.01778117779474675,-0.13912046062237005,0.01721842297932673,0.02065398601288965,-0.3743733118172325,0.8667956222011398,0.7198925099065661,AMZN,-0.012913032798065993,3
2026-02-26,0.014937018205003039,0.018816132415901965,-0.1443973380975635,0.017118732041870907,0.020692122425311262,-0.4654095987208455,0.8557786978241718,0.8580824166484893,AMZN,0.01000385652833935,2
2026-02-27,-0.0005235381944316275,0.05210417624481822,-0.13126213663323305,0.015003080767318015,0.021059701549236646,-0.24612597825346347,0.8643397851372139,1.0834490566037736,AMZN,-0.007666669573102691,4
2026-03-02,0.015199469246593988,0.04829219994840295,-0.12916842151240548,0.015290955897854933,0.021047044859308747,-0.2784892152174542,0.8577131776056802,0.9025477584536475,AMZN,0.0016315386481426941,2
2026-03-03,0.0008151043869164543,0.037683331151158184,-0.1408874301960349,0.015108975646751484,0.020511235478955597,-0.14098621010275092,0.8747380772723203,0.8941248912233525,AMZN,0.03875826073047883,1
2026-03-04,0.029339194609179442,0.05874317316509492,-0.09135859625788134,0.018346018912566,0.022768751437888455,0.9902547996876028,0.9305978892325502,1.124504815878108,AMZN,0.009777672934109694,2
2026-03-05,0.05300117530544912,0.0687298730308763,-0.06030302897336104,0.018272330268595947,0.02251957709136525,1.7682820216848882,0.983160447443137,1.1903317019758521,AMZN,-0.026171534044230005,4
2026-03-06,0.015285746256510357,0.014754205390083097,-0.04257036967806138,0.019638836591237517,0.021092600489350542,1.0437122031803083,0.97382846595577,1.0286957791310665,AMZN,0.0013132534612816382,4
2026-03-09,0.024473372611224065,0.04004482413218291,0.015072261594488268,0.017648307504683644,0.016905909621057216,1.0415531530852147,0.975107349559381,1.0965441427904041,AMZN,0.00393459326562029,2
2026-03-10,0.026828947530979086,0.027665920310724346,0.026878116987070433,0.0171453150566897,0.01679745857702362,1.109357284068752,0.9789440003702141,0.723912309520254,AMZN,-0.007838417021498345,5
2026-03-11,-0.019232604403978337,0.009542321081751348,0.027493172584227343,0.017249594985703096,0.016779564403950502,0.7360459631020572,0.9712706290546186,0.7041040843608076,AMZN,-0.014671973697334195,2
2026-03-12,-0.042979828067864045,0.0077433658355621215,0.026705198448370826,0.017416331579675894,0.01681691780529802,0.11921059843721155,0.957020171932136,0.9195295770489464,AMZN,-0.008877013416636048,2
2026-03-13,-0.025983811127386236,-0.0110952468145461,0.040430820734767225,0.017343859114726044,0.016097956127958866,-0.32929052668152653,0.948524691025903,0.7743444353079402,AMZN,0.0195984367511175,1
2026-03-16,-0.00819710503991733,0.016075656765331514,0.06514418554454782,0.018293177393491292,0.01648561645827465,0.4202399833028771,0.9671142921898473,0.9241145124071163,AMZN,0.016340754535353108,2
2026-03-17,0.004059138290276598,0.030996988229466504,0.06984838915276437,0.018865417960642877,0.016637655052575348,1.1683333587104627,0.9829176694461534,0.9807213781161471,AMZN,-0.024767666852414494,5
2026-03-18,-0.013073119487838514,-0.03205429375638125,0.02480590847989772,0.016053612140983897,0.017403336640451197,-0.28065640981017315,0.9585730920659594,0.856927756877831,AMZN,-0.005288991452693126,3
2026-03-19,-0.0036749118357606303,-0.04649679282475905,0.019037361538928543,0.015400694224693525,0.017466265998137366,-0.6827964349675388,0.953503207175241,0.8735575091747199,AMZN,-0.01623874055782004,2
2026-03-20,-0.011075278432307267,-0.0367713116167252,-0.02255963771069802,0.014125418232108314,0.016869035348634858,-1.505410013181474,0.9380195159728729,1.482326010906376,AMZN,0.02322639327005427,1
2026-03-23,-0.007556465769371523,-0.015691629665646745,0.023724825916227932,0.016483717428118643,0.01686100845748013,-0.28132779412369785,0.9598063261458448,1.055913018946262,AMZN,-0.013800294588880768,3
2026-03-24,-0.03698880840129648,-0.03307981279951322,-0.006329075953593888,0.01679023095492802,0.016809553617638327,-1.093029659542988,0.9465607160967608,0.8437074210138551,AMZN,0.021569200454641724,1
2026-03-25,0.008767387618474176,-0.004420348975296751,0.005079791717238935,0.018392606431702138,0.017369009102145182,0.1799140249018222,0.9669772739247412,0.8639517253725276,AMZN,-0.019696817795534227,3
2026-03-26,-0.005844037424819759,-0.009497472938279294,-0.0018276495101915424,0.018891033443693476,0.017705569744091813,-1.0103550707705633,0.9479308987478231,1.1035757260556103,AMZN,-0.039510442389467326,5
2026-03-27,-0.02936163472106068,-0.04011172487360448,-0.05076192220052078,0.022488662916558086,0.01960168556359561,-2.5638434255941602,0.9104777295836513,1.2616683906451043,AMZN,0.008076656164990315,1
2026-03-30,-0.04373276134052828,-0.05095876199582994,-0.035702300797529674,0.021423360436684604,0.019695739828177728,-1.8998835400252931,0.9178313451513794,1.0349010006496333,AMZN,0.03642700888472339,3
2026-03-31,0.004970076973535242,-0.03220256865267512,-0.002203763064694164,0.02438448550426219,0.021457185614874207,-0.3847263198458953,0.9512651957158863,1.266685745271167,AMZN,0.011043371606930696,2
2026-04-01,-0.005384721333409503,0.0033354563459173647,-0.02882575310798763,0.023444015065396947,0.019648410084237306,0.16179871917275848,0.9617703707689164,0.9783825224144622,AMZN,-0.0037992260242744047,4
2026-04-02,0.010744969926127057,0.004838138494930533,-0.0418836122530849,0.023407275728400696,0.019480165113384566,0.09893428551401826,0.9747676916692186,0.6768157104391609,AMZN,0.014396667550949482,1
2026-04-06,0.06747264570750677,0.03612990380951864,-0.0019699517588686044,0.022939799353226053,0.01893039184172632,0.8505489731417247,0.9888010980655868,0.5953291095543457,AMZN,0.00460553135602737,2
2026-04-07,0.06379700183583847,0.0172742214397823,0.0013115310885400966,0.021920180217506493,0.01895605205585522,1.084991638426881,0.9933550525276021,0.6862148673957148,AMZN,0.03499085736091123,2
2026-04-08,0.06232292438309317,0.06760275108802816,0.03228665193779068,0.023409056754729693,0.02048526322487237,2.4319065230541383,1.0,1.1992755434656317,AMZN,0.056045170153601775,1
2026-04-09,0.10960718891332388,0.10363226341147769,0.09875382366680219,0.027926977838363457,0.023642323293203513,3.202977209368796,1.0,1.4478371730254995,AMZN,0.020244002182271403,2
2026-04-10,0.13638747212490543,0.1485979213373152,0.1376891436624501,0.025953284552576106,0.02340245430371786,2.7755058395480585,1.0,1.2205720705525194,AMZN,0.006334400855383171,3
2026-02-12,0.08761929231537935,-0.028933502604542305,0.02074921096022675,0.03364091434851612,0.027353296399522452,0.25591530082452785,0.9710664973954577,1.0204545989375549,NVDA,-0.02209264710071812,4
2026-02-13,-0.014022945141103471,-0.04353057966735585,-0.022667767240671766,0.03420055402278111,0.027408651308304718,-0.44691035469366985,0.9496130679571694,0.8780831396462337,NVDA,0.011815537711723945,3
2026-02-17,-0.026678551672675965,-0.003448108883979617,-0.006765754613118791,0.0333112725020441,0.027536061017213318,-0.048675017338593175,0.9608332569731631,0.8818749232053669,NVDA,0.016272852504360502,2
2026-02-18,-0.0029701781103264047,0.04236442981380639,0.055652218921271146,0.032030085720191455,0.025720121040634307,0.41985057823943905,0.9764687548451717,0.9148333528239714,NVDA,-0.00042552880599477927,2
2026-02-19,-0.01131283028875718,0.07870716484431406,0.02498358084840202,0.029148713386980746,0.024958730306302017,0.3627533903848688,0.9760532392618313,0.7356087665404367,NVDA,0.010218257158700395,4
2026-02-20,0.015406056027943649,0.10437521606986255,0.02694233592321904,0.028177505648611382,0.02498992538697341,0.6685797941555294,0.9860268022611911,1.0541848270242191,NVDA,0.009113885259954158,1
2026-02-23,0.04780922985899494,0.03311585851034016,0.020674677144930653,0.014850733183852625,0.024849280852005794,0.9320962460293677,0.995013337400239,1.050892572238422,NVDA,0.006786724366676156,4
2026-02-24,0.04260152465800959,0.01478642600841007,0.03421461350098198,0.012895311501471048,0.024808929304293053,1.0739153572650324,1.0,1.0867190422374533,NVDA,0.014052296839024425,2
2026-02-25,0.04032344085742179,0.03723349494572781,0.03734348007613297,0.012977914376488093,0.024876816083029774,1.4074147724699886,1.0,1.4526642677491064,NVDA,-0.0545612407949545,5
2026-02-26,-0.016019184722388724,-0.027150792693017234,-0.034617859485341795,0.022373027586218636,0.027656587703164086,-0.3123534009669078,0.9454387592050455,1.8579414469802855,NVDA,-0.041646311846979644,5
2026-02-27,-0.0665367244051166,-0.05215573688127406,-0.07958019133692018,0.025342853380686217,0.02901887453322756,-1.4292204654928071,0.9060647218069707,1.5101003755086724,NVDA,0.029854898026954846,1
2026-03-02,-0.04735061072712243,-0.001805177100344335,-0.04525717636212001,0.02674579067752448,0.02995456882187383,-0.5053839513764654,0.933115191682339,0.9905561071928023,NVDA,-0.013316539505995872,5
2026-03-03,-0.06637287392068991,-0.02659893488763554,-0.029955327747924754,0.026708390309491892,0.029413751320059422,-0.8425739003735405,0.9206893263686563,0.8374407330005659,NVDA,0.016606495502460517,2
2026-03-04,-0.06402125047383933,-0.026279366723517494,0.014971752703178964,0.026734455561112033,0.0289342890927247,-0.38718108890126024,0.9359787495261607,0.8306389431827731,NVDA,0.0016390080583172928,3
2026-03-05,-0.008383338305975596,-0.024268228783450585,0.05252885257752493,0.02675877188741072,0.02772153776741776,-0.4552057042817704,0.9375128262390479,0.898675800701093,NVDA,-0.03010798420604055,5
2026-03-06,0.0035554668327519856,-0.06321782668914688,0.0345590150605688,0.02771348911323865,0.028484690042986933,-1.710682796582337,0.9092862048736822,0.8504855800004085,NVDA,0.02716223428151121,1
2026-03-09,0.0009315657110897657,-0.04646315522138511,-0.014885963985300177,0.029357501608768065,0.022986630699971825,-0.6832861218325058,0.9339844497994074,0.7953409879477388,NVDA,0.011606999188437328,1
2026-03-10,0.02621501030839757,-0.04189782918632112,-0.02773092232908758,0.02959930765102656,0.02239394792296643,-0.20406194074576745,0.9448252065502423,0.80245151168983,NVDA,0.006873722377926494,1
2026-03-11,0.01639024731847938,-0.04868032728426441,-0.013259371058431668,0.029200689127429864,0.02240382319626333,0.08424693769751918,0.9513196727157356,0.6830988604204544,NVDA,-0.015535125563684415,3
2026-03-12,-0.0010368115112129317,-0.009411457875530438,-0.03630672202683005,0.0239081605275639,0.02255537767064467,-0.45327952932237714,0.9365408021488935,0.8105298575373807,NVDA,-0.015780274103308733,4
2026-03-13,0.013720351899655592,0.017324600988520622,-0.03573471322348376,0.020076518901907658,0.022535635856103603,-0.9716132743361491,0.9217619315820513,0.9089786516345771,NVDA,0.01647712189016981,2
2026-03-16,0.003175069438979161,0.004109592935888751,0.0022969972924846704,0.01838093323239165,0.02233668564336614,-0.3621215178708191,0.9369499152824472,1.22130618322948,NVDA,-0.00704076266961684,5
2026-03-17,-0.015317259906154623,0.010496208275906804,-0.016381914572226708,0.017956647982093458,0.022225177301463325,-0.5922771375994618,0.930353073295626,1.0231408661628156,NVDA,-0.00840982158463277,1
2026-03-18,-0.030263962370347897,-0.014369748879955568,-0.040271487702931874,0.017300882020089982,0.021922913896718677,-0.8225658486241908,0.9225289699384949,0.8889047109939645,NVDA,-0.010199536586162128,5
2026-03-19,-0.025008200536848713,-0.02601908325787039,-0.04965587497608326,0.017480660835743317,0.021998963155765806,-1.0810659775809877,0.9131196019578127,0.9854987972105591,NVDA,-0.03281810422532416,5
2026-03-20,-0.041886286001430295,-0.028740628685483993,-0.09014153529145486,0.017970466357117475,0.022799224791886414,-1.9284303028337901,0.8831527476905747,1.3503305469693851,NVDA,0.01702375502813336,2
2026-03-23,-0.04137103908172102,-0.038327325564589065,-0.0830096723090461,0.016302992493921017,0.023113558232329943,-1.2690314844172517,0.8981873237196819,1.019855568482813,NVDA,-0.002505138026276832,2
2026-03-24,-0.036992227771550756,-0.05174286811042095,-0.09147278344704124,0.015409350143929032,0.022976900383462718,-1.2804668095154375,0.8959372405003119,0.8383947479268199,NVDA,0.019862989658425256,2
2026-03-25,-0.009534375160179187,-0.03950978955945461,-0.08626676735703243,0.017004300854945916,0.02325925189897086,-0.5329731993219059,0.9604902104405454,0.9141946622516021,NVDA,-0.04163861365338872,5
2026-03-26,-0.040994579779984885,-0.06497757964477202,-0.07377750376662173,0.020611204954166754,0.02192926437773382,-2.164503001516865,0.9204967296501494,1.0290183049220214,NVDA,-0.02172390271764868,2
2026-03-27,-0.02999416773199881,-0.07062410944543174,-0.05452304297322286,0.02099066787424871,0.020516811840485427,-2.4568404639473993,0.9004999482433158,1.0639151473600617,NVDA,-0.014028211816980884,5
2026-03-30,-0.059610574226181545,-0.09851546191190741,-0.09481072742236774,0.019335361662020444,0.019165466384045184,-2.334312120180219,0.8878675442281783,1.0241088487016508,NVDA,0.05588179348466227,1
2026-03-31,-0.004566227543908896,-0.041389540386098655,-0.03132776534652848,0.028517102860655594,0.023337668663062118,-0.6693988878113555,0.9374831749764716,1.218482163948963,NVDA,0.0077408609562046315,3
2026-04-01,-0.01639798967922379,-0.025776020253928555,-0.03977537419571053,0.028687347212575435,0.0230615585410389,-0.3794970797406646,0.9447401018827458,0.9002071742226309,NVDA,0.009331433227018238,2
2026-04-02,0.03591446916141261,-0.00655240918986566,-0.0324010047674852,0.028750051252472278,0.023185326019909597,-0.04156095730092693,0.9535558810603509,0.7780037166592721,NVDA,0.0014093240930164175,4
2026-04-06,0.06041066654181759,0.028604531144761802,-0.0009582097490762331,0.026387209850557133,0.022180073796397706,0.004846051135526468,0.9548997503375668,0.6304619214991405,NVDA,0.0025895446715138437,3
2026-04-07,0.07828303007756143,0.014005959476290908,-0.024858177056990338,0.025933978871407748,0.02126889854888298,0.13110650150980518,0.9573725058978834,0.8004197322470622,NVDA,0.02234697131467711,3
2026-04-08,0.04403674428525961,0.03926943494665136,-0.014505346356984972,0.02666747932601831,0.02173558731554632,0.9134210707083102,0.9787668818246438,0.8921690332598499,NVDA,0.010050537196021558,2
2026-04-09,0.0464296083192568,0.029270266402003253,-0.011395985223343619,0.02620265916116824,0.02180386483301348,1.3213644676779477,1.0,0.723289206097401,NVDA,0.025664733438725884,1
2026-04-10,0.06336324218861211,0.10155336855757491,0.029977096819158167,0.021656266774337685,0.022235492333812345,2.007640542334337,1.0,1.010948652298943,NVDA,0.0036049019677633076,4
